{
  "ANG MO KIO": {
    "resale_price": 400000.0,
    "floor_area_sqm": 81.0,
    "block_diversity": 0.6925448905083534,
    "cbd_distance_band": 2.0,
    "mrt_nearest_distance": 684.9856253765297,
    "Hawker_Nearest_Distance": 314.3876004,
    "Mall_Nearest_Distance": 805.04377,
    "pri_sch_nearest_distance": 410.813106340303,
    "storey_ratio": 0.6071428571428571,
    "estate_height_modernity": 0.2608695652173913,
    "amenity_cluster_500m": 2.0,
    "amenity_cluster_1km": 4.0,
    "amenity_cluster_2km": 4.0
  },
  "BEDOK": {
    "resale_price": 416000.0,
    "floor_area_sqm": 85.0,
    "block_diversity": 0.5916727785823275,
    "cbd_distance_band": 2.0,
    "mrt_nearest_distance": 621.38549814572,
    "Hawker_Nearest_Distance": 365.7980617,
    "Mall_Nearest_Distance": 891.8769055,
    "pri_sch_nearest_distance": 430.3011400141428,
    "storey_ratio": 0.5555555555555556,
    "estate_height_modernity": 0.2916666666666667,
    "amenity_cluster_500m": 2.0,
    "amenity_cluster_1km": 4.0,
    "amenity_cluster_2km": 4.0
  },
  "BISHAN": {
    "resale_price": 655000.0,
    "floor_area_sqm": 105.0,
    "block_diversity": 0.7553754125614287,
    "cbd_distance_band": 2.0,
    "mrt_nearest_distance": 750.2035864524414,
    "Hawker_Nearest_Distance": 806.211393,
    "Mall_Nearest_Distance": 808.9608457,
    "pri_sch_nearest_distance": 416.050846683416,
    "storey_ratio": 0.5,
    "estate_height_modernity": 0.325,
    "amenity_cluster_500m": 1.0,
    "amenity_cluster_1km": 4.0,
    "amenity_cluster_2km": 4.0
  },
  "BUKIT BATOK": {
    "resale_price": 440000.0,
    "floor_area_sqm": 93.0,
    "block_diversity": 0.9456603046006401,
    "cbd_distance_band": 3.0,
    "mrt_nearest_distance": 678.3307401343952,
    "Hawker_Nearest_Distance": 1899.777712,
    "Mall_Nearest_Distance": 914.4411456467044,
    "pri_sch_nearest_distance": 384.2801568626128,
    "storey_ratio": 0.5333333333333333,
    "estate_height_modernity": 0.3157894736842105,
    "amenity_cluster_500m": 1.0,
    "amenity_cluster_1km": 3.0,
    "amenity_cluster_2km": 4.0
  },
  "BUKIT MERAH": {
    "resale_price": 620000.0,
    "floor_area_sqm": 90.0,
    "block_diversity": 0.7584450388560474,
    "cbd_distance_band": 1.0,
    "mrt_nearest_distance": 567.9307828933544,
    "Hawker_Nearest_Distance": 287.211751,
    "Mall_Nearest_Distance": 700.2070125,
    "pri_sch_nearest_distance": 391.1284053939136,
    "storey_ratio": 0.5,
    "estate_height_modernity": 0.5102040816326531,
    "amenity_cluster_500m": 2.0,
    "amenity_cluster_1km": 4.0,
    "amenity_cluster_2km": 4.0
  },
  "BUKIT PANJANG": {
    "resale_price": 465000.0,
    "floor_area_sqm": 103.0,
    "block_diversity": 0.9709505944546686,
    "cbd_distance_band": 3.0,
    "mrt_nearest_distance": 607.561173530451,
    "Hawker_Nearest_Distance": 1036.115069,
    "Mall_Nearest_Distance": 445.7327802,
    "pri_sch_nearest_distance": 335.0926226020564,
    "storey_ratio": 0.5333333333333333,
    "estate_height_modernity": 0.7142857142857143,
    "amenity_cluster_500m": 2.0,
    "amenity_cluster_1km": 3.0,
    "amenity_cluster_2km": 4.0
  },
  "BUKIT TIMAH": {
    "resale_price": 735000.0,
    "floor_area_sqm": 104.0,
    "block_diversity": 0.6751914401458716,
    "cbd_distance_band": 2.0,
    "mrt_nearest_distance": 363.7699836671934,
    "Hawker_Nearest_Distance": 292.0226793,
    "Mall_Nearest_Distance": 546.0905946,
    "pri_sch_nearest_distance": 382.4088601344384,
    "storey_ratio": 0.6153846153846154,
    "estate_height_modernity": 0.34210526315789475,
    "amenity_cluster_500m": 3.0,
    "amenity_cluster_1km": 4.0,
    "amenity_cluster_2km": 4.0
  },
  "CENTRAL AREA": {
    "resale_price": 533000.0,
    "floor_area_sqm": 82.0,
    "block_diversity": 0.7120640548905479,
    "cbd_distance_band": 1.0,
    "mrt_nearest_distance": 338.2652853743704,
    "Hawker_Nearest_Distance": 196.0571776,
    "Mall_Nearest_Distance": 296.3000937,
    "pri_sch_nearest_distance": 435.1612649352506,
    "storey_ratio": 0.5833333333333334,
    "estate_height_modernity": 0.5,
    "amenity_cluster_500m": 3.0,
    "amenity_cluster_1km": 4.0,
    "amenity_cluster_2km": 4.0
  },
  "CHOA CHU KANG": {
    "resale_price": 470000.0,
    "floor_area_sqm": 106.0,
    "block_diversity": 0.9252253278054431,
    "cbd_distance_band": 4.0,
    "mrt_nearest_distance": 611.6254727681745,
    "Hawker_Nearest_Distance": 3410.304987,
    "Mall_Nearest_Distance": 357.8235231,
    "pri_sch_nearest_distance": 357.24096626733814,
    "storey_ratio": 0.5333333333333333,
    "estate_height_modernity": 0.5357142857142857,
    "amenity_cluster_500m": 2.0,
    "amenity_cluster_1km": 3.0,
    "amenity_cluster_2km": 3.0
  },
  "CLEMENTI": {
    "resale_price": 452000.0,
    "floor_area_sqm": 82.0,
    "block_diversity": 0.6521655952881886,
    "cbd_distance_band": 2.0,
    "mrt_nearest_distance": 674.9334568577339,
    "Hawker_Nearest_Distance": 405.1799685,
    "Mall_Nearest_Distance": 497.5302318,
    "pri_sch_nearest_distance": 487.4248201747308,
    "storey_ratio": 0.56,
    "estate_height_modernity": 0.2708333333333333,
    "amenity_cluster_500m": 2.0,
    "amenity_cluster_1km": 4.0,
    "amenity_cluster_2km": 4.0
  },
  "GEYLANG": {
    "resale_price": 420000.0,
    "floor_area_sqm": 83.0,
    "block_diversity": 0.2447650820208972,
    "cbd_distance_band": 2.0,
    "mrt_nearest_distance": 435.3953193367809,
    "Hawker_Nearest_Distance": 281.7484986,
    "Mall_Nearest_Distance": 922.026694,
    "pri_sch_nearest_distance": 514.9185208068237,
    "storey_ratio": 0.5,
    "estate_height_modernity": 0.28888888888888886,
    "amenity_cluster_500m": 2.0,
    "amenity_cluster_1km": 4.0,
    "amenity_cluster_2km": 4.0
  },
  "HOUGANG": {
    "resale_price": 468000.0,
    "floor_area_sqm": 100.0,
    "block_diversity": 0.774839040857365,
    "cbd_distance_band": 3.0,
    "mrt_nearest_distance": 808.2919219601009,
    "Hawker_Nearest_Distance": 750.3560488,
    "Mall_Nearest_Distance": 481.5075301,
    "pri_sch_nearest_distance": 328.3195909293361,
    "storey_ratio": 0.5333333333333333,
    "estate_height_modernity": 0.34210526315789475,
    "amenity_cluster_500m": 2.0,
    "amenity_cluster_1km": 3.0,
    "amenity_cluster_2km": 4.0
  },
  "JURONG EAST": {
    "resale_price": 430000.0,
    "floor_area_sqm": 93.0,
    "block_diversity": 0.6995049591204003,
    "cbd_distance_band": 3.0,
    "mrt_nearest_distance": 793.0131405671065,
    "Hawker_Nearest_Distance": 495.1957703,
    "Mall_Nearest_Distance": 1063.046382,
    "pri_sch_nearest_distance": 463.4374833004194,
    "storey_ratio": 0.5,
    "estate_height_modernity": 0.30952380952380953,
    "amenity_cluster_500m": 1.0,
    "amenity_cluster_1km": 3.0,
    "amenity_cluster_2km": 4.0
  },
  "JURONG WEST": {
    "resale_price": 446000.0,
    "floor_area_sqm": 104.0,
    "block_diversity": 0.9182958340544896,
    "cbd_distance_band": 4.0,
    "mrt_nearest_distance": 816.4091183793187,
    "Hawker_Nearest_Distance": 940.5984156,
    "Mall_Nearest_Distance": 531.9040007,
    "pri_sch_nearest_distance": 411.8972865322617,
    "storey_ratio": 0.5,
    "estate_height_modernity": 0.4838709677419355,
    "amenity_cluster_500m": 2.0,
    "amenity_cluster_1km": 3.0,
    "amenity_cluster_2km": 4.0
  },
  "KALLANG/WHAMPOA": {
    "resale_price": 528000.0,
    "floor_area_sqm": 86.0,
    "block_diversity": 0.5884386965765724,
    "cbd_distance_band": 1.0,
    "mrt_nearest_distance": 426.5896215555979,
    "Hawker_Nearest_Distance": 361.854708,
    "Mall_Nearest_Distance": 981.1752126,
    "pri_sch_nearest_distance": 490.753876911375,
    "storey_ratio": 0.5333333333333333,
    "estate_height_modernity": 0.3783783783783784,
    "amenity_cluster_500m": 2.0,
    "amenity_cluster_1km": 3.0,
    "amenity_cluster_2km": 4.0
  },
  "MARINE PARADE": {
    "resale_price": 490000.0,
    "floor_area_sqm": 79.0,
    "block_diversity": -0.0,
    "cbd_distance_band": 2.0,
    "mrt_nearest_distance": 1881.266778637239,
    "Hawker_Nearest_Distance": 309.45653,